length_bin_min,length_bin_max,gc_percent,expected_count
60,80,0,2036
60,80,1,1727
60,80,3,2304
60,80,4,2658
60,80,6,3346
60,80,7,4045
60,80,9,5448
60,80,10,7378
60,80,11,11483
60,80,13,18101
60,80,14,29792
60,80,16,49341
60,80,17,80129
60,80,19,126787
60,80,20,192045
60,80,21,277565
60,80,23,385591
60,80,24,512140
60,80,26,649259
60,80,27,793891
60,80,29,933984
60,80,30,1062047
60,80,31,1176246
60,80,32,3
60,80,33,1267927
60,80,34,1333925
60,80,35,1
60,80,36,1374543
60,80,37,1382735
60,80,38,1
60,80,39,1368456
60,80,40,1335268
60,80,41,1283157
60,80,42,3
60,80,43,1218863
60,80,44,1144917
60,80,45,1
60,80,46,1063687
60,80,47,974893
60,80,49,886497
60,80,50,807484
60,80,51,742093
60,80,53,692366
60,80,54,658512
60,80,55,2
60,80,56,623283
60,80,57,573986
60,80,58,2
60,80,59,499745
60,80,60,408086
60,80,61,319552
60,80,63,241744
60,80,64,181245
60,80,66,135811
60,80,67,99927
60,80,69,73724
60,80,70,53728
60,80,71,38661
60,80,73,28781
60,80,74,21516
60,80,76,16794
60,80,77,13082
60,80,79,10376
60,80,80,8584
60,80,81,7081
60,80,83,5576
60,80,84,4171
60,80,86,2843
60,80,87,1664
60,80,89,1022
60,80,90,608
60,80,91,332
60,80,93,170
60,80,94,86
60,80,96,35
60,80,97,15
60,80,99,4
60,80,100,10
80,100,0,1438
80,100,1,1065
80,100,2,1264
80,100,3,1651
80,100,4,1733
80,100,6,1781
80,100,7,2200
80,100,8,2492
80,100,9,2864
80,100,10,3620
80,100,11,4728
80,100,12,6149
80,100,13,9101
80,100,14,13839
80,100,16,21458
80,100,17,32939
80,100,18,50950
80,100,19,75956
80,100,20,111643
80,100,21,157708
80,100,22,217913
80,100,23,289688
80,100,24,373872
80,100,26,464400
80,100,27,560670
80,100,28,659429
80,100,29,755761
80,100,30,844744
80,100,31,924854
80,100,32,993179
80,100,33,1050156
80,100,34,1091570
80,100,35,2
80,100,36,1120500
80,100,37,1132199
80,100,38,1125277
80,100,39,1107312
80,100,40,1069920
80,100,41,1029861
80,100,42,981227
80,100,43,935746
80,100,44,893771
80,100,45,1
80,100,46,854501
80,100,47,819168
80,100,48,776778
80,100,49,730768
80,100,50,675705
80,100,51,623610
80,100,52,576820
80,100,53,537977
80,100,54,505197
80,100,56,470264
80,100,57,432227
80,100,58,384607
80,100,59,330582
80,100,60,274429
80,100,61,224304
80,100,62,179521
80,100,63,143979
80,100,64,115993
80,100,65,1
80,100,66,93284
80,100,67,73896
80,100,68,57692
80,100,69,45157
80,100,70,35443
80,100,71,27369
80,100,72,21843
80,100,73,17377
80,100,74,14147
80,100,76,11684
80,100,77,10251
80,100,78,8909
80,100,79,7633
80,100,80,6247
80,100,81,5366
80,100,82,4372
80,100,83,3528
80,100,84,2585
80,100,86,1900
80,100,87,1166
80,100,88,773
80,100,89,471
80,100,90,340
80,100,91,161
80,100,92,104
80,100,93,65
80,100,94,33
80,100,96,11
80,100,97,14
80,100,98,6
80,100,100,6
100,120,0,1112
100,120,1,795
100,120,2,830
100,120,3,1088
100,120,4,1208
100,120,5,2574
100,120,6,1359
100,120,7,1570
100,120,8,1703
100,120,9,1921
100,120,10,2165
100,120,11,2566
100,120,12,3098
100,120,13,3946
100,120,14,5229
100,120,15,17782
100,120,16,15402
100,120,17,22486
100,120,18,33855
100,120,19,48177
100,120,20,69233
100,120,21,96795
100,120,22,131562
100,120,23,173834
100,120,24,226854
100,120,25,633680
100,120,26,419235
100,120,27,490172
100,120,28,560190
100,120,29,630398
100,120,30,694862
100,120,31,757162
100,120,32,812990
100,120,33,861151
100,120,34,899580
100,120,35,1874179
100,120,36,958667
100,120,37,958905
100,120,38,950513
100,120,39,928590
100,120,40,899319
100,120,41,866262
100,120,42,832814
100,120,43,795792
100,120,44,762457
100,120,45,1435600
100,120,46,683869
100,120,47,666590
100,120,48,649463
100,120,49,627579
100,120,50,596843
100,120,51,563126
100,120,52,520599
100,120,53,479794
100,120,54,436935
100,120,55,764904
100,120,56,333283
100,120,57,300294
100,120,58,265840
100,120,59,229557
100,120,60,195407
100,120,61,163980
100,120,62,137504
100,120,63,115420
100,120,64,97635
100,120,65,151503
100,120,66,57587
100,120,67,47381
100,120,68,38680
100,120,69,31702
100,120,70,25552
100,120,71,21219
100,120,72,17455
100,120,73,14537
100,120,74,12287
100,120,75,19567
100,120,76,7946
100,120,77,7394
100,120,78,6712
100,120,79,5886
100,120,80,5190
100,120,81,4139
100,120,82,3497
100,120,83,2990
100,120,84,2383
100,120,85,3113
100,120,86,903
100,120,87,562
100,120,88,420
100,120,89,260
100,120,90,201
100,120,91,122
100,120,92,65
100,120,93,46
100,120,94,25
100,120,95,20
100,120,96,4
100,120,97,5
100,120,98,1
100,120,99,1
100,120,100,2
120,140,0,853
120,140,1,630
120,140,2,1365
120,140,3,924
120,140,4,952
120,140,5,2006
120,140,6,1100
120,140,7,1106
120,140,8,2441
120,140,9,1421
120,140,10,1464
120,140,11,1639
120,140,12,4228
120,140,13,2593
120,140,14,3324
120,140,15,10308
120,140,16,8168
120,140,17,11315
120,140,18,38663
120,140,19,32270
120,140,20,45193
120,140,21,62084
120,140,22,194270
120,140,23,143097
120,140,24,181223
120,140,25,495508
120,140,26,324712
120,140,27,377686
120,140,28,921323
120,140,29,541536
120,140,30,591082
120,140,31,639273
120,140,32,1405330
120,140,33,756745
120,140,34,786297
120,140,35,1634103
120,140,36,833409
120,140,37,836265
120,140,38,1653168
120,140,39,805047
120,140,40,780168
120,140,41,753715
120,140,42,1424795
120,140,43,673908
120,140,44,647528
120,140,45,1224167
120,140,46,582736
120,140,47,568040
120,140,48,1108079
120,140,49,543538
120,140,50,534106
120,140,51,518824
120,140,52,950600
120,140,53,418812
120,140,54,377415
120,140,55,638243
120,140,56,266629
120,140,57,237516
120,140,58,391699
120,140,59,160223
120,140,60,139197
120,140,61,120973
120,140,62,199818
120,140,63,81972
120,140,64,71957
120,140,65,116302
120,140,66,46258
120,140,67,39855
120,140,68,62338
120,140,69,23916
120,140,70,20165
120,140,71,17054
120,140,72,26966
120,140,73,10819
120,140,74,9445
120,140,75,15563
120,140,76,6591
120,140,77,5996
120,140,78,11135
120,140,79,4809
120,140,80,4280
120,140,81,3601
120,140,82,5590
120,140,83,2102
120,140,84,1636
120,140,85,2204
120,140,86,643
120,140,87,514
120,140,88,570
120,140,89,176
120,140,90,114
120,140,91,66
120,140,92,78
120,140,93,20
120,140,94,15
120,140,95,12
120,140,96,4
120,140,97,3
120,140,98,1
120,140,99,1
120,140,100,1
140,160,0,667
140,160,1,1018
140,160,2,568
140,160,3,1435
140,160,4,802
140,160,5,1553
140,160,6,837
140,160,7,1869
140,160,8,953
140,160,9,2099
140,160,10,1153
140,160,11,2581
140,160,12,1547
140,160,13,3582
140,160,14,2249
140,160,15,6564
140,160,16,4713
140,160,17,14718
140,160,18,11723
140,160,19,38707
140,160,20,30820
140,160,21,96781
140,160,22,72299
140,160,23,212827
140,160,24,148141
140,160,25,398922
140,160,26,256357
140,160,27,642848
140,160,28,387217
140,160,29,901810
140,160,30,511714
140,160,31,1139938
140,160,32,619062
140,160,33,1326233
140,160,34,695586
140,160,35,1443519
140,160,36,739586
140,160,37,1490704
140,160,38,737645
140,160,39,1434962
140,160,40,690961
140,160,41,1318268
140,160,42,627330
140,160,43,1193333
140,160,44,567173
140,160,45,1081307
140,160,46,517585
140,160,47,1000890
140,160,48,486917
140,160,49,957433
140,160,50,471219
140,160,51,907242
140,160,52,424769
140,160,53,756923
140,160,54,325107
140,160,55,542993
140,160,56,224925
140,160,57,370153
140,160,58,151925
140,160,59,253963
140,160,60,106323
140,160,61,181182
140,160,62,77454
140,160,63,131304
140,160,64,55088
140,160,65,92268
140,160,66,37956
140,160,67,62139
140,160,68,25508
140,160,69,40348
140,160,70,16509
140,160,71,26693
140,160,72,10810
140,160,73,18246
140,160,74,7561
140,160,75,13103
140,160,76,5710
140,160,77,10111
140,160,78,4579
140,160,79,8225
140,160,80,3568
140,160,81,5846
140,160,82,2256
140,160,83,3316
140,160,84,1262
140,160,85,1677
140,160,86,521
140,160,87,614
140,160,88,222
140,160,89,249
140,160,90,75
140,160,91,89
140,160,92,25
140,160,93,15
140,160,94,9
140,160,95,8
140,160,96,1
140,160,97,4
140,160,98,1
140,160,100,1
160,180,0,551
160,180,1,793
160,180,2,974
160,180,3,596
160,180,4,1315
160,180,5,1306
160,180,6,1438
160,180,7,766
160,180,8,1529
160,180,9,1667
160,180,10,917
160,180,11,2017
160,180,12,2400
160,180,13,1318
160,180,14,3235
160,180,15,4425
160,180,16,6883
160,180,17,4978
160,180,18,15341
160,180,19,27589
160,180,20,21613
160,180,21,66232
160,180,22,112808
160,180,23,79704
160,180,24,223231
160,180,25,326647
160,180,26,450886
160,180,27,276124
160,180,28,661734
160,180,29,800918
160,180,30,451196
160,180,31,995071
160,180,32,1107641
160,180,33,588798
160,180,34,1236509
160,180,35,1295582
160,180,36,1334015
160,180,37,671455
160,180,38,1331841
160,180,39,1291927
160,180,40,622358
160,180,41,1197639
160,180,42,1128547
160,180,43,542151
160,180,44,1036921
160,180,45,981142
160,180,46,930612
160,180,47,449560
160,180,48,872385
160,180,49,843740
160,180,50,412955
160,180,51,800973
160,180,52,745154
160,180,53,339180
160,180,54,584663
160,180,55,463879
160,180,56,360819
160,180,57,149469
160,180,58,252535
160,180,59,203261
160,180,60,87212
160,180,61,150954
160,180,62,125735
160,180,63,54492
160,180,64,94085
160,180,65,76593
160,180,66,61368
160,180,67,25487
160,180,68,42391
160,180,69,32740
160,180,70,13681
160,180,71,23089
160,180,72,18303
160,180,73,7771
160,180,74,13793
160,180,75,11123
160,180,76,9443
160,180,77,4251
160,180,78,7868
160,180,79,6915
160,180,80,3134
160,180,81,5231
160,180,82,3765
160,180,83,1373
160,180,84,2021
160,180,85,1279
160,180,86,709
160,180,87,238
160,180,88,292
160,180,89,169
160,180,90,55
160,180,91,50
160,180,92,31
160,180,93,7
160,180,94,8
160,180,95,7
160,180,96,4
160,180,97,1
160,180,100,1
180,200,0,435
180,200,1,665
180,200,2,815
180,200,3,1010
180,200,4,1082
180,200,5,1152
180,200,6,1135
180,200,7,1300
180,200,8,1329
180,200,9,1361
180,200,10,699
180,200,11,1657
180,200,12,1916
180,200,13,2095
180,200,14,2473
180,200,15,3347
180,200,16,4720
180,200,17,7155
180,200,18,11734
180,200,19,20657
180,200,20,15265
180,200,21,46309
180,200,22,78335
180,200,23,124348
180,200,24,188930
180,200,25,271310
180,200,26,370835
180,200,27,482168
180,200,28,601990
180,200,29,719123
180,200,30,401824
180,200,31,882660
180,200,32,977482
180,200,33,1061109
180,200,34,1125578
180,200,35,1174257
180,200,36,1208949
180,200,37,1226447
180,200,38,1210743
180,200,39,1177734
180,200,40,570872
180,200,41,1101890
180,200,42,1047866
180,200,43,1000840
180,200,44,951808
180,200,45,904483
180,200,46,865888
180,200,47,829384
180,200,48,788680
180,200,49,747989
180,200,50,359513
180,200,51,687747
180,200,52,641294
180,200,53,578672
180,200,54,497494
180,200,55,406822
180,200,56,324737
180,200,57,259210
180,200,58,209250
180,200,59,173265
180,200,60,74924
180,200,61,132256
180,200,62,111967
180,200,63,94772
180,200,64,79352
180,200,65,65905
180,200,66,54107
180,200,67,43314
180,200,68,34501
180,200,69,27478
180,200,70,11861
180,200,71,20198
180,200,72,16660
180,200,73,13680
180,200,74,11539
180,200,75,9900
180,200,76,8446
180,200,77,7351
180,200,78,6540
180,200,79,6026
180,200,80,2626
180,200,81,4591
180,200,82,3527
180,200,83,2371
180,200,84,1528
180,200,85,950
180,200,86,596
180,200,87,311
180,200,88,225
180,200,89,96
180,200,90,44
180,200,91,36
180,200,92,19
180,200,93,15
180,200,94,3
180,200,95,4
180,200,96,6
180,200,97,1
180,200,100,1
200,220,0,640
200,220,1,602
200,220,2,702
200,220,3,914
200,220,4,955
200,220,5,954
200,220,6,1032
200,220,7,1038
200,220,8,1171
200,220,9,1129
200,220,10,1831
200,220,11,1441
200,220,12,1604
200,220,13,1749
200,220,14,2092
200,220,15,2579
200,220,16,3419
200,220,17,4789
200,220,18,7293
200,220,19,11862
200,220,20,34304
200,220,21,43236
200,220,22,69886
200,220,23,108693
200,220,24,161155
200,220,25,228105
200,220,26,309296
200,220,27,400100
200,220,28,499618
200,220,29,599292
200,220,30,1081273
200,220,31,831406
200,220,32,911192
200,220,33,978290
200,220,34,1032610
200,220,35,1075922
200,220,36,1106915
200,220,37,1125956
200,220,38,1121834
200,220,39,1099001
200,220,40,1586471
200,220,41,1004390
200,220,42,960061
200,220,43,920142
200,220,44,879214
200,220,45,842895
200,220,46,808594
200,220,47,769552
200,220,48,726447
200,220,49,683182
200,220,50,943491
200,220,51,581379
200,220,52,542589
200,220,53,494777
200,220,54,430752
200,220,55,361489
200,220,56,292756
200,220,57,237685
200,220,58,196229
200,220,59,162419
200,220,60,199375
200,220,61,109030
200,220,62,93550
200,220,63,80676
200,220,64,68557
200,220,65,57693
200,220,66,48096
200,220,67,39292
200,220,68,32049
200,220,69,25936
200,220,70,30945
200,220,71,16394
200,220,72,13824
200,220,73,11628
200,220,74,10151
200,220,75,8655
200,220,76,7700
200,220,77,6716
200,220,78,5980
200,220,79,5366
200,220,80,7056
200,220,81,3646
200,220,82,2706
200,220,83,1761
200,220,84,1195
200,220,85,741
200,220,86,490
200,220,87,281
200,220,88,204
200,220,89,100
200,220,90,78
200,220,91,16
200,220,92,10
200,220,93,8
200,220,94,4
200,220,95,4
200,220,96,1
200,220,97,3
200,220,100,1
220,240,0,510
220,240,1,523
220,240,2,597
220,240,3,1153
220,240,4,817
220,240,5,844
220,240,6,881
220,240,7,1402
220,240,8,967
220,240,9,1050
220,240,10,1624
220,240,11,1204
220,240,12,1252
220,240,13,2211
220,240,14,1726
220,240,15,2126
220,240,16,2636
220,240,17,5574
220,240,18,5924
220,240,19,9341
220,240,20,25756
220,240,21,31235
220,240,22,50005
220,240,23,129902
220,240,24,138545
220,240,25,194465
220,240,26,261398
220,240,27,535312
220,240,28,462319
220,240,29,547108
220,240,30,979437
220,240,31,749068
220,240,32,819505
220,240,33,1343536
220,240,34,957002
220,240,35,991393
220,240,36,1023419
220,240,37,1567364
220,240,38,1042701
220,240,39,1021221
220,240,40,1478982
220,240,41,944159
220,240,42,906319
220,240,43,1290016
220,240,44,815754
220,240,45,786587
220,240,46,753542
220,240,47,1064060
220,240,48,660579
220,240,49,617516
220,240,50,852060
220,240,51,519372
220,240,52,482311
220,240,53,648138
220,240,54,373904
220,240,55,320218
220,240,56,267368
220,240,57,317289
220,240,58,168747
220,240,59,142607
220,240,60,177763
220,240,61,99138
220,240,62,86081
220,240,63,108647
220,240,64,60094
220,240,65,51405
220,240,66,43549
220,240,67,51231
220,240,68,27048
220,240,69,22582
220,240,70,27158
220,240,71,14923
220,240,72,12769
220,240,73,15882
220,240,74,8900
220,240,75,7775
220,240,76,6972
220,240,77,8836
220,240,78,5221
220,240,79,4735
220,240,80,6272
220,240,81,3282
220,240,82,2539
220,240,83,2280
220,240,84,936
220,240,85,651
220,240,86,390
220,240,87,357
220,240,88,134
220,240,89,70
220,240,90,44
220,240,91,14
220,240,92,10
220,240,93,8
220,240,94,4
220,240,95,2
220,240,96,2
220,240,97,2
220,240,100,1
240,260,0,419
240,260,1,453
240,260,2,787
240,260,3,657
240,260,4,1090
240,260,5,760
240,260,6,1154
240,260,7,813
240,260,8,1312
240,260,9,884
240,260,10,1459
240,260,11,1020
240,260,12,1640
240,260,13,1251
240,260,14,2182
240,260,15,1717
240,260,16,3353
240,260,17,2921
240,260,18,6774
240,260,19,7569
240,260,20,19547
240,260,21,23350
240,260,22,62028
240,260,23,68871
240,260,24,165724
240,260,25,166599
240,260,26,357976
240,260,27,319935
240,260,28,615930
240,260,29,503239
240,260,30,892432
240,260,31,678561
240,260,32,1136274
240,260,33,827697
240,260,34,1320624
240,260,35,922683
240,260,36,1434010
240,260,37,978469
240,260,38,1466837
240,260,39,955020
240,260,40,1388137
240,260,41,887551
240,260,42,1268727
240,260,43,806091
240,260,44,1153900
240,260,45,736793
240,260,46,1048107
240,260,47,658334
240,260,48,915134
240,260,49,565019
240,260,50,778435
240,260,51,474828
240,260,52,650033
240,260,53,388517
240,260,54,509770
240,260,55,284204
240,260,56,345435
240,260,57,185456
240,260,58,227747
240,260,59,125865
240,260,60,158743
240,260,61,90019
240,260,62,116176
240,260,63,65461
240,260,64,82942
240,260,65,46048
240,260,66,56947
240,260,67,30030
240,260,68,36501
240,260,69,19641
240,260,70,24325
240,260,71,13677
240,260,72,17052
240,260,73,9747
240,260,74,12353
240,260,75,7040
240,260,76,9200
240,260,77,5235
240,260,78,6967
240,260,79,4294
240,260,80,5597
240,260,81,2945
240,260,82,3134
240,260,83,1337
240,260,84,1309
240,260,85,532
240,260,86,467
240,260,87,186
240,260,88,134
240,260,89,40
240,260,90,49
240,260,91,11
240,260,92,11
240,260,93,5
240,260,94,2
240,260,95,1
240,260,96,4
240,260,99,1
260,280,0,361
260,280,1,549
260,280,2,470
260,280,3,870
260,280,4,971
260,280,5,700
260,280,6,1012
260,280,7,1115
260,280,8,759
260,280,9,1135
260,280,10,1265
260,280,11,1400
260,280,12,981
260,280,13,1642
260,280,14,1869
260,280,15,1469
260,280,16,2659
260,280,17,3770
260,280,18,3455
260,280,19,8277
260,280,20,15374
260,280,21,29740
260,280,22,33868
260,280,23,84160
260,280,24,145491
260,280,25,144340
260,280,26,306223
260,280,27,433922
260,280,28,367030
260,280,29,673658
260,280,30,817992
260,280,31,952507
260,280,32,705377
260,280,33,1149072
260,280,34,1238554
260,280,35,862904
260,280,36,1337166
260,280,37,1381102
260,280,38,923964
260,280,39,1351802
260,280,40,1304834
260,280,41,1245997
260,280,42,793604
260,280,43,1136984
260,280,44,1081633
260,280,45,691207
260,280,46,984325
260,280,47,913361
260,280,48,569279
260,280,49,795217
260,280,50,729827
260,280,51,658801
260,280,52,396554
260,280,53,528426
260,280,54,444467
260,280,55,249262
260,280,56,310280
260,280,57,245098
260,280,58,136993
260,280,59,172466
260,280,60,143401
260,280,61,119890
260,280,62,69923
260,280,63,90025
260,280,64,74216
260,280,65,41642
260,280,66,51950
260,280,67,40659
260,280,68,22260
260,280,69,27359
260,280,70,21729
260,280,71,17998
260,280,72,10316
260,280,73,13425
260,280,74,11035
260,280,75,6387
260,280,76,8469
260,280,77,7189
260,280,78,4203
260,280,79,5697
260,280,80,5106
260,280,81,3852
260,280,82,1864
260,280,83,1766
260,280,84,1069
260,280,85,404
260,280,86,403
260,280,87,213
260,280,88,83
260,280,89,62
260,280,90,31
260,280,91,13
260,280,92,4
260,280,93,4
260,280,94,3
260,280,95,2
260,280,96,1
260,280,97,3
280,300,0,289
280,300,1,477
280,300,2,636
280,300,3,826
280,300,4,823
280,300,5,621
280,300,6,899
280,300,7,992
280,300,8,1006
280,300,9,1021
280,300,10,1133
280,300,11,1235
280,300,12,1316
280,300,13,1445
280,300,14,1680
280,300,15,1286
280,300,16,2288
280,300,17,2933
280,300,18,4157
280,300,19,6838
280,300,20,12099
280,300,21,22884
280,300,22,42629
280,300,23,76121
280,300,24,127799
280,300,25,125180
280,300,26,264576
280,300,27,374685
280,300,28,496001
280,300,29,624158
280,300,30,755461
280,300,31,875274
280,300,32,987777
280,300,33,1086466
280,300,34,1166118
280,300,35,811072
280,300,36,1254694
280,300,37,1297331
280,300,38,1307964
280,300,39,1277960
280,300,40,1232732
280,300,41,1178995
280,300,42,1120513
280,300,43,1063046
280,300,44,1015813
280,300,45,649776
280,300,46,927906
280,300,47,864946
280,300,48,803038
280,300,49,745075
280,300,50,684595
280,300,51,621946
280,300,52,551090
280,300,53,474476
280,300,54,394245
280,300,55,220998
280,300,56,275970
280,300,57,222608
280,300,58,182654
280,300,59,153282
280,300,60,129324
280,300,61,110610
280,300,62,94805
280,300,63,80027
280,300,64,66907
280,300,65,38077
280,300,66,47710
280,300,67,38329
280,300,68,30488
280,300,69,24300
280,300,70,19770
280,300,71,16769
280,300,72,14046
280,300,73,12038
280,300,74,10098
280,300,75,5801
280,300,76,7737
280,300,77,6781
280,300,78,5741
280,300,79,5149
280,300,80,4538
280,300,81,3505
280,300,82,2473
280,300,83,1424
280,300,84,869
280,300,85,354
280,300,86,347
280,300,87,175
280,300,88,95
280,300,89,46
280,300,90,21
280,300,91,15
280,300,92,2
280,300,93,4
280,300,94,3
280,300,95,1
280,300,96,2
280,300,97,2
300,320,0,250
300,320,1,416
300,320,2,535
300,320,3,700
300,320,4,760
300,320,5,1078
300,320,6,825
300,320,7,888
300,320,8,896
300,320,9,966
300,320,10,954
300,320,11,1126
300,320,12,1123
300,320,13,1256
300,320,14,1435
300,320,15,2247
300,320,16,2177
300,320,17,2650
300,320,18,3679
300,320,19,5614
300,320,20,9712
300,320,21,17804
300,320,22,31967
300,320,23,57445
300,320,24,96266
300,320,25,220890
300,320,26,258915
300,320,27,358517
300,320,28,467890
300,320,29,582299
300,320,30,697966
300,320,31,807975
300,320,32,909939
300,320,33,1001087
300,320,34,1079841
300,320,35,1526159
300,320,36,1195301
300,320,37,1227456
300,320,38,1238152
300,320,39,1209811
300,320,40,1169086
300,320,41,1121074
300,320,42,1063815
300,320,43,1011243
300,320,44,970205
300,320,45,1227260
300,320,46,858555
300,320,47,804779
300,320,48,752148
300,320,49,700301
300,320,50,651383
300,320,51,594008
300,320,52,525044
300,320,53,446579
300,320,54,367894
300,320,55,389867
300,320,56,229702
300,320,57,190915
300,320,58,160722
300,320,59,137064
300,320,60,117627
300,320,61,101712
300,320,62,88331
300,320,63,76061
300,320,64,64764
300,320,65,69829
300,320,66,41305
300,320,67,33405
300,320,68,27003
300,320,69,21896
300,320,70,18138
300,320,71,15539
300,320,72,13228
300,320,73,11262
300,320,74,9691
300,320,75,10778
300,320,76,6952
300,320,77,5996
300,320,78,5161
300,320,79,4711
300,320,80,4034
300,320,81,3353
300,320,82,2234
300,320,83,1335
300,320,84,878
300,320,85,614
300,320,86,245
300,320,87,139
300,320,88,77
300,320,89,25
300,320,90,19
300,320,91,9
300,320,92,6
300,320,93,2
300,320,94,4
300,320,95,2
300,320,96,1
300,320,97,1
320,340,0,198
320,340,1,355
320,340,2,662
320,340,3,641
320,340,4,682
320,340,5,998
320,340,6,722
320,340,7,799
320,340,8,1079
320,340,9,884
320,340,10,880
320,340,11,989
320,340,12,1373
320,340,13,1176
320,340,14,1229
320,340,15,1987
320,340,16,1843
320,340,17,2252
320,340,18,4155
320,340,19,4699
320,340,20,8079
320,340,21,13907
320,340,22,36491
320,340,23,52212
320,340,24,85972
320,340,25,193786
320,340,26,226273
320,340,27,312480
320,340,28,566984
320,340,29,544498
320,340,30,650230
320,340,31,749838
320,340,32,1142899
320,340,33,953054
320,340,34,1022684
320,340,35,1447855
320,340,36,1127455
320,340,37,1157560
320,340,38,1566962
320,340,39,1152060
320,340,40,1116928
320,340,41,1066076
320,340,42,1338346
320,340,43,956758
320,340,44,921069
320,340,45,1162777
320,340,46,821390
320,340,47,774148
320,340,48,963676
320,340,49,669147
320,340,50,618688
320,340,51,556413
320,340,52,632563
320,340,53,390301
320,340,54,324664
320,340,55,350390
320,340,56,212205
320,340,57,177406
320,340,58,196778
320,340,59,125010
320,340,60,108484
320,340,61,94613
320,340,62,108861
320,340,63,69026
320,340,64,58837
320,340,65,64560
320,340,66,38524
320,340,67,31593
320,340,68,33619
320,340,69,19813
320,340,70,16946
320,340,71,14357
320,340,72,16052
320,340,73,10239
320,340,74,8886
320,340,75,9989
320,340,76,6495
320,340,77,5599
320,340,78,6386
320,340,79,4148
320,340,80,3744
320,340,81,3067
320,340,82,2623
320,340,83,1133
320,340,84,744
320,340,85,536
320,340,86,224
320,340,87,102
320,340,88,80
320,340,89,28
320,340,90,9
320,340,91,13
320,340,92,2
320,340,93,5
320,340,94,1
320,340,95,1
320,340,97,2
340,360,0,168
340,360,1,434
340,360,2,446
340,360,3,758
340,360,4,623
340,360,5,895
340,360,6,684
340,360,7,940
340,360,8,728
340,360,9,1041
340,360,10,820
340,360,11,1261
340,360,12,882
340,360,13,1405
340,360,14,1159
340,360,15,1772
340,360,16,1593
340,360,17,2655
340,360,18,2633
340,360,19,5111
340,360,20,6542
340,360,21,16535
340,360,22,23164
340,360,23,58382
340,360,24,76875
340,360,25,171859
340,360,26,197979
340,360,27,383381
340,360,28,388274
340,360,29,660623
340,360,30,606202
340,360,31,949792
340,360,32,810463
340,360,33,1198120
340,360,34,972954
340,360,35,1373976
340,360,36,1069141
340,360,37,1467781
340,360,38,1117961
340,360,39,1471945
340,360,40,1067039
340,360,41,1346890
340,360,42,952938
340,360,43,1220305
340,360,44,874683
340,360,45,1114086
340,360,46,789292
340,360,47,994186
340,360,48,697212
340,360,49,855201
340,360,50,575942
340,360,51,670319
340,360,52,428033
340,360,53,474756
340,360,54,292571
340,360,55,319756
340,360,56,196676
340,360,57,216926
340,360,58,137069
340,360,59,156635
340,360,60,100889
340,360,61,116114
340,360,62,75755
340,360,63,85613
340,360,64,54399
340,360,65,59698
340,360,66,36355
340,360,67,38693
340,360,68,23337
340,360,69,25274
340,360,70,15452
340,360,71,17461
340,360,72,11009
340,360,73,12751
340,360,74,8180
340,360,75,9497
340,360,76,6005
340,360,77,6868
340,360,78,4396
340,360,79,5079
340,360,80,3498
340,360,81,3545
340,360,82,1714
340,360,83,1395
340,360,84,598
340,360,85,468
340,360,86,191
340,360,87,126
340,360,88,44
340,360,89,27
340,360,90,11
340,360,91,11
340,360,92,2
340,360,93,4
340,360,94,2
340,360,96,1
340,360,97,1
360,380,0,146
360,380,1,351
360,380,2,540
360,380,3,528
360,380,4,759
360,380,5,806
360,380,6,855
360,380,7,633
360,380,8,869
360,380,9,969
360,380,10,751
360,380,11,1121
360,380,12,1122
360,380,13,955
360,380,14,1410
360,380,15,1618
360,380,16,1950
360,380,17,1765
360,380,18,2968
360,380,19,4455
360,380,20,5513
360,380,21,13365
360,380,22,27166
360,380,23,36258
360,380,24,86226
360,380,25,152222
360,380,26,246622
360,380,27,264385
360,380,28,474377
360,380,29,622933
360,380,30,566362
360,380,31,886928
360,380,32,1026251
360,380,33,849580
360,380,34,1224119
360,380,35,1306030
360,380,36,1363514
360,380,37,1050910
360,380,38,1419400
360,380,39,1405272
360,380,40,1023602
360,380,41,1288807
360,380,42,1215055
360,380,43,880484
360,380,44,1125550
360,380,45,1072065
360,380,46,1012379
360,380,47,716688
360,380,48,890283
360,380,49,798701
360,380,50,534235
360,380,51,619919
360,380,52,520354
360,380,53,326780
360,380,54,364866
360,380,55,294364
360,380,56,238834
360,380,57,150865
360,380,58,170893
360,380,59,145004
360,380,60,94347
360,380,61,109674
360,380,62,93546
360,380,63,60252
360,380,64,68741
360,380,65,55745
360,380,66,43929
360,380,67,26956
360,380,68,29241
360,380,69,23050
360,380,70,14328
360,380,71,16355
360,380,72,13834
360,380,73,8824
360,380,74,10269
360,380,75,8880
360,380,76,7324
360,380,77,4795
360,380,78,5398
360,380,79,4729
360,380,80,3152
360,380,81,3319
360,380,82,2015
360,380,83,940
360,380,84,747
360,380,85,410
360,380,86,208
360,380,87,83
360,380,88,44
360,380,89,23
360,380,90,8
360,380,91,7
360,380,92,3
360,380,93,2
360,380,94,3
360,380,95,1
360,380,96,1
380,400,0,114
380,400,1,316
380,400,2,458
380,400,3,645
380,400,4,676
380,400,5,735
380,400,6,784
380,400,7,773
380,400,8,807
380,400,9,900
380,400,10,717
380,400,11,990
380,400,12,1029
380,400,13,1167
380,400,14,1267
380,400,15,1532
380,400,16,1727
380,400,17,2090
380,400,18,2686
380,400,19,3851
380,400,20,4720
380,400,21,10815
380,400,22,21418
380,400,23,41696
380,400,24,78099
380,400,25,135847
380,400,26,217792
380,400,27,325611
380,400,28,451609
380,400,29,589355
380,400,30,532058
380,400,31,830367
380,400,32,959722
380,400,33,1072759
380,400,34,1170474
380,400,35,1247053
380,400,36,1299110
380,400,37,1341012
380,400,38,1357987
380,400,39,1344347
380,400,40,981157
380,400,41,1238539
380,400,42,1174945
380,400,43,1130127
380,400,44,1084794
380,400,45,1036779
380,400,46,981443
380,400,47,914600
380,400,48,833836
380,400,49,743585
380,400,50,495195
380,400,51,578285
380,400,52,487656
380,400,53,406054
380,400,54,334536
380,400,55,272699
380,400,56,225338
380,400,57,187003
380,400,58,157475
380,400,59,134790
380,400,60,88840
380,400,61,103709
380,400,62,88866
380,400,63,75521
380,400,64,63764
380,400,65,51905
380,400,66,41960
380,400,67,33126
380,400,68,26820
380,400,69,21060
380,400,70,13551
380,400,71,15423
380,400,72,13135
380,400,73,11113
380,400,74,9552
380,400,75,8159
380,400,76,7046
380,400,77,5808
380,400,78,4925
380,400,79,4276
380,400,80,2933
380,400,81,2993
380,400,82,1999
380,400,83,1137
380,400,84,627
380,400,85,358
380,400,86,176
380,400,87,85
380,400,88,39
380,400,89,13
380,400,90,10
380,400,91,4
380,400,92,3
380,400,93,1
380,400,94,5
380,400,95,1
